id,tag
3,nausea relief
6,nausea relief
15,nausea relief
21,nausea relief
27,nausea relief
32,nausea relief
33,nausea relief
34,nausea relief
35,nausea relief
46,nausea relief
48,nausea relief
56,nausea relief
57,nausea relief
65,nausea relief
66,nausea relief
92,nausea relief
99,nausea relief
101,nausea relief
114,nausea relief
119,nausea relief
133,nausea relief
145,nausea relief
153,nausea relief
156,nausea relief
157,nausea relief
158,nausea relief
160,nausea relief
164,nausea relief
165,nausea relief
169,nausea relief
170,nausea relief
178,nausea relief
179,nausea relief
180,nausea relief
181,nausea relief
184,nausea relief
189,nausea relief
195,nausea relief
197,nausea relief
199,nausea relief
201,nausea relief
202,nausea relief
203,nausea relief
214,nausea relief
216,nausea relief
217,nausea relief
220,nausea relief
221,nausea relief
224,nausea relief
225,nausea relief
230,nausea relief
232,nausea relief
233,nausea relief
236,nausea relief
237,nausea relief
241,nausea relief
242,nausea relief
245,nausea relief
246,nausea relief
247,nausea relief
252,nausea relief
256,nausea relief
264,nausea relief
265,nausea relief
274,nausea relief
283,nausea relief
287,nausea relief
288,nausea relief
292,nausea relief
294,nausea relief
297,nausea relief
304,nausea relief
305,nausea relief
306,nausea relief
310,nausea relief
311,nausea relief
312,nausea relief
313,nausea relief
314,nausea relief
315,nausea relief
316,nausea relief
317,nausea relief
324,nausea relief
326,nausea relief
330,nausea relief
331,nausea relief
332,nausea relief
334,nausea relief
335,nausea relief
336,nausea relief
340,nausea relief
341,nausea relief
342,nausea relief
343,nausea relief
344,nausea relief
345,nausea relief
347,nausea relief
351,nausea relief
352,nausea relief
356,nausea relief
359,nausea relief
362,nausea relief
363,nausea relief
364,nausea relief
365,nausea relief
366,nausea relief
370,nausea relief
373,nausea relief
374,nausea relief
376,nausea relief
381,nausea relief
388,nausea relief
392,nausea relief
394,nausea relief
395,nausea relief
396,nausea relief
401,nausea relief
403,nausea relief
405,nausea relief
406,nausea relief
409,nausea relief
410,nausea relief
411,nausea relief
414,nausea relief
415,nausea relief
425,nausea relief
427,nausea relief
429,nausea relief
432,nausea relief
433,nausea relief
434,nausea relief
435,nausea relief
436,nausea relief
444,nausea relief
448,nausea relief
454,nausea relief
456,nausea relief
457,nausea relief
464,nausea relief
471,nausea relief
475,nausea relief
478,nausea relief
481,nausea relief
484,nausea relief
499,nausea relief
504,nausea relief
505,nausea relief
511,nausea relief
514,nausea relief
517,nausea relief
518,nausea relief
519,nausea relief
525,nausea relief
526,nausea relief
530,nausea relief
531,nausea relief
533,nausea relief
534,nausea relief
537,nausea relief
543,nausea relief
544,nausea relief
545,nausea relief
546,nausea relief
547,nausea relief
550,nausea relief
552,nausea relief
554,nausea relief
555,nausea relief
558,nausea relief
560,nausea relief
561,nausea relief
562,nausea relief
563,nausea relief
564,nausea relief
565,nausea relief
566,nausea relief
567,nausea relief
569,nausea relief
575,nausea relief
576,nausea relief
578,nausea relief
579,nausea relief
583,nausea relief
584,nausea relief
585,nausea relief
586,nausea relief
588,nausea relief
589,nausea relief
590,nausea relief
596,nausea relief
602,nausea relief
603,nausea relief
604,nausea relief
605,nausea relief
606,nausea relief
607,nausea relief
608,nausea relief
609,nausea relief
611,nausea relief
613,nausea relief
614,nausea relief
616,nausea relief
617,nausea relief
621,nausea relief
622,nausea relief
623,nausea relief
624,nausea relief
629,nausea relief
630,nausea relief
631,nausea relief
633,nausea relief
634,nausea relief
635,nausea relief
637,nausea relief
643,nausea relief
649,nausea relief
651,nausea relief
654,nausea relief
660,nausea relief
662,nausea relief
666,nausea relief
668,nausea relief
669,nausea relief
670,nausea relief
680,nausea relief
683,nausea relief
684,nausea relief
691,nausea relief
701,nausea relief
704,nausea relief
705,nausea relief
707,nausea relief
708,nausea relief
710,nausea relief
711,nausea relief
712,nausea relief
713,nausea relief
717,nausea relief
721,nausea relief
729,nausea relief
730,nausea relief
731,nausea relief
732,nausea relief
738,nausea relief
741,nausea relief
744,nausea relief
745,nausea relief
746,nausea relief
748,nausea relief
752,nausea relief
753,nausea relief
754,nausea relief
755,nausea relief
760,nausea relief
763,nausea relief
764,nausea relief
766,nausea relief
767,nausea relief
768,nausea relief
771,nausea relief
772,nausea relief
773,nausea relief
774,nausea relief
775,nausea relief
776,nausea relief
777,nausea relief
779,nausea relief
781,nausea relief
782,nausea relief
783,nausea relief
784,nausea relief
788,nausea relief
789,nausea relief
791,nausea relief
793,nausea relief
795,nausea relief
798,nausea relief
799,nausea relief
800,nausea relief
801,nausea relief
802,nausea relief
803,nausea relief
804,nausea relief
806,nausea relief
807,nausea relief
813,nausea relief
814,nausea relief
816,nausea relief
817,nausea relief
818,nausea relief
820,nausea relief
823,nausea relief
829,nausea relief
837,nausea relief
838,nausea relief
839,nausea relief
841,nausea relief
843,nausea relief
844,nausea relief
845,nausea relief
847,nausea relief
848,nausea relief
853,nausea relief
854,nausea relief
855,nausea relief
856,nausea relief
857,nausea relief
858,nausea relief
859,nausea relief
860,nausea relief
862,nausea relief
863,nausea relief
864,nausea relief
865,nausea relief
866,nausea relief
867,nausea relief
868,nausea relief
870,nausea relief
874,nausea relief
876,nausea relief
880,nausea relief
885,nausea relief
886,nausea relief
889,nausea relief
890,nausea relief
894,nausea relief
906,nausea relief
911,nausea relief
913,nausea relief
914,nausea relief
928,nausea relief
929,nausea relief
930,nausea relief
931,nausea relief
932,nausea relief
934,nausea relief
936,nausea relief
943,nausea relief
952,nausea relief
954,nausea relief
955,nausea relief
962,nausea relief
969,nausea relief
973,nausea relief
978,nausea relief
979,nausea relief
981,nausea relief
984,nausea relief
989,nausea relief
990,nausea relief
991,nausea relief
992,nausea relief
996,nausea relief
998,nausea relief
999,nausea relief
1000,nausea relief
1001,nausea relief
1006,nausea relief
1007,nausea relief
1009,nausea relief
1010,nausea relief
1011,nausea relief
1012,nausea relief
1013,nausea relief
1014,nausea relief
1015,nausea relief
1016,nausea relief
1017,nausea relief
1018,nausea relief
1019,nausea relief
1020,nausea relief
1021,nausea relief
1022,nausea relief
1023,nausea relief
1024,nausea relief
1025,nausea relief
1028,nausea relief
1029,nausea relief
1030,nausea relief
1031,nausea relief
1033,nausea relief
1037,nausea relief
1038,nausea relief
1040,nausea relief
1041,nausea relief
1042,nausea relief
1043,nausea relief
1045,nausea relief
1046,nausea relief
1047,nausea relief
1048,nausea relief
1049,nausea relief
1050,nausea relief
1051,nausea relief
1052,nausea relief
1053,nausea relief
1056,nausea relief
1057,nausea relief
1058,nausea relief
1062,nausea relief
1063,nausea relief
1064,nausea relief
1065,nausea relief
1066,nausea relief
1067,nausea relief
1068,nausea relief
1069,nausea relief
1070,nausea relief
1072,nausea relief
1080,nausea relief
1100,nausea relief
1101,nausea relief
1102,nausea relief
1104,nausea relief
1118,nausea relief
1119,nausea relief
1120,nausea relief
1121,nausea relief
1122,nausea relief
1123,nausea relief
1146,nausea relief
1148,nausea relief
1149,nausea relief
1150,nausea relief
1151,nausea relief
1153,nausea relief
1154,nausea relief
1155,nausea relief
1156,nausea relief
1157,nausea relief
1158,nausea relief
1159,nausea relief
1160,nausea relief
1162,nausea relief
1163,nausea relief
1164,nausea relief
1165,nausea relief
1167,nausea relief
1168,nausea relief
1169,nausea relief
1170,nausea relief
1171,nausea relief
1172,nausea relief
1173,nausea relief
1174,nausea relief
1175,nausea relief
1181,nausea relief
1186,nausea relief
1189,nausea relief
1192,nausea relief
1193,nausea relief
1196,nausea relief
1197,nausea relief
1198,nausea relief
1199,nausea relief
1200,nausea relief
1202,nausea relief
1203,nausea relief
1204,nausea relief
1205,nausea relief
1206,nausea relief
1209,nausea relief
1214,nausea relief
1215,nausea relief
1216,nausea relief
1217,nausea relief
1218,nausea relief
3,rapid relief
14,rapid relief
15,rapid relief
27,rapid relief
33,rapid relief
35,rapid relief
46,rapid relief
64,rapid relief
70,rapid relief
75,rapid relief
76,rapid relief
78,rapid relief
85,rapid relief
86,rapid relief
92,rapid relief
94,rapid relief
101,rapid relief
122,rapid relief
127,rapid relief
128,rapid relief
129,rapid relief
130,rapid relief
141,rapid relief
142,rapid relief
145,rapid relief
146,rapid relief
157,rapid relief
158,rapid relief
163,rapid relief
170,rapid relief
171,rapid relief
172,rapid relief
173,rapid relief
174,rapid relief
175,rapid relief
176,rapid relief
178,rapid relief
179,rapid relief
194,rapid relief
195,rapid relief
196,rapid relief
198,rapid relief
199,rapid relief
203,rapid relief
205,rapid relief
209,rapid relief
219,rapid relief
221,rapid relief
230,rapid relief
233,rapid relief
234,rapid relief
235,rapid relief
236,rapid relief
245,rapid relief
252,rapid relief
256,rapid relief
258,rapid relief
259,rapid relief
262,rapid relief
263,rapid relief
264,rapid relief
265,rapid relief
270,rapid relief
272,rapid relief
274,rapid relief
278,rapid relief
281,rapid relief
282,rapid relief
283,rapid relief
292,rapid relief
294,rapid relief
299,rapid relief
304,rapid relief
305,rapid relief
311,rapid relief
312,rapid relief
314,rapid relief
315,rapid relief
316,rapid relief
317,rapid relief
324,rapid relief
325,rapid relief
327,rapid relief
330,rapid relief
335,rapid relief
336,rapid relief
337,rapid relief
341,rapid relief
342,rapid relief
343,rapid relief
344,rapid relief
347,rapid relief
364,rapid relief
366,rapid relief
373,rapid relief
374,rapid relief
376,rapid relief
385,rapid relief
389,rapid relief
395,rapid relief
396,rapid relief
397,rapid relief
398,rapid relief
399,rapid relief
405,rapid relief
406,rapid relief
408,rapid relief
409,rapid relief
411,rapid relief
413,rapid relief
414,rapid relief
415,rapid relief
425,rapid relief
427,rapid relief
429,rapid relief
432,rapid relief
433,rapid relief
434,rapid relief
435,rapid relief
436,rapid relief
437,rapid relief
439,rapid relief
448,rapid relief
453,rapid relief
454,rapid relief
455,rapid relief
464,rapid relief
468,rapid relief
471,rapid relief
472,rapid relief
476,rapid relief
493,rapid relief
498,rapid relief
509,rapid relief
511,rapid relief
514,rapid relief
515,rapid relief
519,rapid relief
522,rapid relief
528,rapid relief
531,rapid relief
532,rapid relief
533,rapid relief
537,rapid relief
540,rapid relief
545,rapid relief
546,rapid relief
552,rapid relief
555,rapid relief
562,rapid relief
565,rapid relief
566,rapid relief
569,rapid relief
575,rapid relief
576,rapid relief
577,rapid relief
578,rapid relief
579,rapid relief
585,rapid relief
587,rapid relief
589,rapid relief
590,rapid relief
594,rapid relief
602,rapid relief
605,rapid relief
606,rapid relief
607,rapid relief
608,rapid relief
613,rapid relief
615,rapid relief
617,rapid relief
621,rapid relief
622,rapid relief
623,rapid relief
624,rapid relief
629,rapid relief
630,rapid relief
631,rapid relief
632,rapid relief
633,rapid relief
634,rapid relief
635,rapid relief
636,rapid relief
637,rapid relief
641,rapid relief
646,rapid relief
647,rapid relief
651,rapid relief
652,rapid relief
664,rapid relief
666,rapid relief
669,rapid relief
670,rapid relief
686,rapid relief
687,rapid relief
697,rapid relief
701,rapid relief
707,rapid relief
710,rapid relief
719,rapid relief
732,rapid relief
736,rapid relief
738,rapid relief
744,rapid relief
745,rapid relief
746,rapid relief
747,rapid relief
749,rapid relief
750,rapid relief
751,rapid relief
752,rapid relief
753,rapid relief
756,rapid relief
757,rapid relief
765,rapid relief
766,rapid relief
767,rapid relief
768,rapid relief
769,rapid relief
771,rapid relief
772,rapid relief
773,rapid relief
775,rapid relief
776,rapid relief
777,rapid relief
779,rapid relief
782,rapid relief
784,rapid relief
785,rapid relief
786,rapid relief
793,rapid relief
794,rapid relief
795,rapid relief
796,rapid relief
797,rapid relief
798,rapid relief
799,rapid relief
804,rapid relief
805,rapid relief
806,rapid relief
807,rapid relief
812,rapid relief
815,rapid relief
816,rapid relief
817,rapid relief
818,rapid relief
822,rapid relief
824,rapid relief
827,rapid relief
828,rapid relief
830,rapid relief
831,rapid relief
833,rapid relief
844,rapid relief
853,rapid relief
854,rapid relief
856,rapid relief
857,rapid relief
858,rapid relief
859,rapid relief
860,rapid relief
864,rapid relief
865,rapid relief
874,rapid relief
875,rapid relief
876,rapid relief
904,rapid relief
912,rapid relief
921,rapid relief
924,rapid relief
942,rapid relief
943,rapid relief
954,rapid relief
958,rapid relief
959,rapid relief
966,rapid relief
967,rapid relief
969,rapid relief
981,rapid relief
984,rapid relief
986,rapid relief
998,rapid relief
1000,rapid relief
1002,rapid relief
1011,rapid relief
1013,rapid relief
1014,rapid relief
1017,rapid relief
1018,rapid relief
1020,rapid relief
1025,rapid relief
1030,rapid relief
1043,rapid relief
1045,rapid relief
1052,rapid relief
1056,rapid relief
1057,rapid relief
1062,rapid relief
1064,rapid relief
1068,rapid relief
1069,rapid relief
1070,rapid relief
1079,rapid relief
1080,rapid relief
1102,rapid relief
1109,rapid relief
1110,rapid relief
1118,rapid relief
1119,rapid relief
1120,rapid relief
1121,rapid relief
1126,rapid relief
1132,rapid relief
1136,rapid relief
1141,rapid relief
1142,rapid relief
1145,rapid relief
1146,rapid relief
1147,rapid relief
1148,rapid relief
1151,rapid relief
1153,rapid relief
1154,rapid relief
1155,rapid relief
1156,rapid relief
1158,rapid relief
1160,rapid relief
1161,rapid relief
1163,rapid relief
1164,rapid relief
1167,rapid relief
1168,rapid relief
1169,rapid relief
1170,rapid relief
1171,rapid relief
1172,rapid relief
1173,rapid relief
1174,rapid relief
1175,rapid relief
1180,rapid relief
1186,rapid relief
1189,rapid relief
1193,rapid relief
1195,rapid relief
1196,rapid relief
1198,rapid relief
1202,rapid relief
1204,rapid relief
1205,rapid relief
1206,rapid relief
1208,rapid relief
1209,rapid relief
1215,rapid relief
1216,rapid relief
1,digestive soothing
3,digestive soothing
6,digestive soothing
7,digestive soothing
8,digestive soothing
14,digestive soothing
15,digestive soothing
17,digestive soothing
21,digestive soothing
27,digestive soothing
32,digestive soothing
33,digestive soothing
34,digestive soothing
35,digestive soothing
36,digestive soothing
37,digestive soothing
40,digestive soothing
42,digestive soothing
43,digestive soothing
45,digestive soothing
46,digestive soothing
47,digestive soothing
48,digestive soothing
49,digestive soothing
53,digestive soothing
56,digestive soothing
57,digestive soothing
59,digestive soothing
63,digestive soothing
64,digestive soothing
65,digestive soothing
66,digestive soothing
67,digestive soothing
70,digestive soothing
75,digestive soothing
76,digestive soothing
78,digestive soothing
85,digestive soothing
86,digestive soothing
88,digestive soothing
89,digestive soothing
90,digestive soothing
92,digestive soothing
93,digestive soothing
94,digestive soothing
95,digestive soothing
96,digestive soothing
97,digestive soothing
100,digestive soothing
101,digestive soothing
102,digestive soothing
103,digestive soothing
104,digestive soothing
107,digestive soothing
109,digestive soothing
110,digestive soothing
112,digestive soothing
113,digestive soothing
118,digestive soothing
119,digestive soothing
122,digestive soothing
123,digestive soothing
124,digestive soothing
125,digestive soothing
126,digestive soothing
127,digestive soothing
128,digestive soothing
129,digestive soothing
130,digestive soothing
131,digestive soothing
132,digestive soothing
133,digestive soothing
135,digestive soothing
136,digestive soothing
137,digestive soothing
138,digestive soothing
139,digestive soothing
141,digestive soothing
142,digestive soothing
145,digestive soothing
146,digestive soothing
149,digestive soothing
150,digestive soothing
153,digestive soothing
154,digestive soothing
155,digestive soothing
156,digestive soothing
157,digestive soothing
158,digestive soothing
160,digestive soothing
162,digestive soothing
163,digestive soothing
164,digestive soothing
165,digestive soothing
167,digestive soothing
168,digestive soothing
169,digestive soothing
170,digestive soothing
171,digestive soothing
172,digestive soothing
173,digestive soothing
174,digestive soothing
175,digestive soothing
176,digestive soothing
178,digestive soothing
179,digestive soothing
180,digestive soothing
181,digestive soothing
183,digestive soothing
184,digestive soothing
186,digestive soothing
187,digestive soothing
188,digestive soothing
189,digestive soothing
190,digestive soothing
191,digestive soothing
192,digestive soothing
194,digestive soothing
195,digestive soothing
196,digestive soothing
197,digestive soothing
198,digestive soothing
199,digestive soothing
201,digestive soothing
202,digestive soothing
203,digestive soothing
204,digestive soothing
205,digestive soothing
208,digestive soothing
209,digestive soothing
210,digestive soothing
212,digestive soothing
213,digestive soothing
214,digestive soothing
215,digestive soothing
217,digestive soothing
218,digestive soothing
219,digestive soothing
221,digestive soothing
222,digestive soothing
223,digestive soothing
224,digestive soothing
226,digestive soothing
227,digestive soothing
228,digestive soothing
229,digestive soothing
230,digestive soothing
232,digestive soothing
233,digestive soothing
234,digestive soothing
235,digestive soothing
236,digestive soothing
237,digestive soothing
238,digestive soothing
239,digestive soothing
240,digestive soothing
241,digestive soothing
242,digestive soothing
244,digestive soothing
245,digestive soothing
246,digestive soothing
247,digestive soothing
248,digestive soothing
249,digestive soothing
250,digestive soothing
252,digestive soothing
253,digestive soothing
256,digestive soothing
257,digestive soothing
258,digestive soothing
259,digestive soothing
260,digestive soothing
261,digestive soothing
262,digestive soothing
263,digestive soothing
264,digestive soothing
265,digestive soothing
269,digestive soothing
270,digestive soothing
272,digestive soothing
274,digestive soothing
275,digestive soothing
276,digestive soothing
278,digestive soothing
279,digestive soothing
280,digestive soothing
281,digestive soothing
282,digestive soothing
283,digestive soothing
284,digestive soothing
287,digestive soothing
288,digestive soothing
291,digestive soothing
292,digestive soothing
294,digestive soothing
295,digestive soothing
296,digestive soothing
297,digestive soothing
298,digestive soothing
299,digestive soothing
300,digestive soothing
301,digestive soothing
302,digestive soothing
304,digestive soothing
305,digestive soothing
306,digestive soothing
307,digestive soothing
309,digestive soothing
310,digestive soothing
311,digestive soothing
312,digestive soothing
313,digestive soothing
314,digestive soothing
315,digestive soothing
316,digestive soothing
317,digestive soothing
323,digestive soothing
324,digestive soothing
325,digestive soothing
326,digestive soothing
327,digestive soothing
330,digestive soothing
331,digestive soothing
332,digestive soothing
334,digestive soothing
335,digestive soothing
336,digestive soothing
337,digestive soothing
338,digestive soothing
339,digestive soothing
340,digestive soothing
341,digestive soothing
342,digestive soothing
343,digestive soothing
344,digestive soothing
345,digestive soothing
346,digestive soothing
347,digestive soothing
350,digestive soothing
351,digestive soothing
352,digestive soothing
359,digestive soothing
362,digestive soothing
363,digestive soothing
364,digestive soothing
365,digestive soothing
366,digestive soothing
370,digestive soothing
372,digestive soothing
373,digestive soothing
374,digestive soothing
375,digestive soothing
376,digestive soothing
378,digestive soothing
379,digestive soothing
381,digestive soothing
385,digestive soothing
388,digestive soothing
389,digestive soothing
392,digestive soothing
394,digestive soothing
395,digestive soothing
396,digestive soothing
397,digestive soothing
398,digestive soothing
399,digestive soothing
401,digestive soothing
403,digestive soothing
405,digestive soothing
406,digestive soothing
407,digestive soothing
408,digestive soothing
409,digestive soothing
410,digestive soothing
411,digestive soothing
413,digestive soothing
414,digestive soothing
418,digestive soothing
419,digestive soothing
420,digestive soothing
421,digestive soothing
423,digestive soothing
425,digestive soothing
426,digestive soothing
427,digestive soothing
429,digestive soothing
431,digestive soothing
432,digestive soothing
433,digestive soothing
434,digestive soothing
435,digestive soothing
436,digestive soothing
437,digestive soothing
438,digestive soothing
439,digestive soothing
440,digestive soothing
441,digestive soothing
442,digestive soothing
444,digestive soothing
445,digestive soothing
446,digestive soothing
447,digestive soothing
448,digestive soothing
449,digestive soothing
451,digestive soothing
453,digestive soothing
454,digestive soothing
455,digestive soothing
456,digestive soothing
457,digestive soothing
458,digestive soothing
460,digestive soothing
464,digestive soothing
467,digestive soothing
468,digestive soothing
469,digestive soothing
470,digestive soothing
471,digestive soothing
472,digestive soothing
473,digestive soothing
474,digestive soothing
475,digestive soothing
476,digestive soothing
480,digestive soothing
481,digestive soothing
484,digestive soothing
485,digestive soothing
486,digestive soothing
487,digestive soothing
488,digestive soothing
489,digestive soothing
490,digestive soothing
491,digestive soothing
492,digestive soothing
493,digestive soothing
495,digestive soothing
496,digestive soothing
497,digestive soothing
498,digestive soothing
499,digestive soothing
504,digestive soothing
505,digestive soothing
508,digestive soothing
509,digestive soothing
510,digestive soothing
511,digestive soothing
512,digestive soothing
513,digestive soothing
514,digestive soothing
515,digestive soothing
516,digestive soothing
517,digestive soothing
518,digestive soothing
519,digestive soothing
520,digestive soothing
521,digestive soothing
522,digestive soothing
523,digestive soothing
524,digestive soothing
525,digestive soothing
526,digestive soothing
527,digestive soothing
528,digestive soothing
529,digestive soothing
530,digestive soothing
531,digestive soothing
532,digestive soothing
533,digestive soothing
535,digestive soothing
536,digestive soothing
537,digestive soothing
539,digestive soothing
540,digestive soothing
542,digestive soothing
543,digestive soothing
544,digestive soothing
545,digestive soothing
546,digestive soothing
547,digestive soothing
548,digestive soothing
549,digestive soothing
550,digestive soothing
551,digestive soothing
552,digestive soothing
553,digestive soothing
554,digestive soothing
555,digestive soothing
557,digestive soothing
558,digestive soothing
560,digestive soothing
561,digestive soothing
562,digestive soothing
563,digestive soothing
564,digestive soothing
565,digestive soothing
566,digestive soothing
567,digestive soothing
569,digestive soothing
575,digestive soothing
576,digestive soothing
577,digestive soothing
578,digestive soothing
579,digestive soothing
581,digestive soothing
583,digestive soothing
584,digestive soothing
585,digestive soothing
586,digestive soothing
587,digestive soothing
588,digestive soothing
589,digestive soothing
590,digestive soothing
592,digestive soothing
593,digestive soothing
594,digestive soothing
596,digestive soothing
602,digestive soothing
603,digestive soothing
604,digestive soothing
605,digestive soothing
606,digestive soothing
607,digestive soothing
608,digestive soothing
609,digestive soothing
611,digestive soothing
612,digestive soothing
613,digestive soothing
614,digestive soothing
615,digestive soothing
616,digestive soothing
617,digestive soothing
618,digestive soothing
619,digestive soothing
620,digestive soothing
621,digestive soothing
622,digestive soothing
623,digestive soothing
624,digestive soothing
625,digestive soothing
627,digestive soothing
628,digestive soothing
629,digestive soothing
630,digestive soothing
631,digestive soothing
632,digestive soothing
633,digestive soothing
634,digestive soothing
635,digestive soothing
636,digestive soothing
637,digestive soothing
640,digestive soothing
641,digestive soothing
642,digestive soothing
643,digestive soothing
644,digestive soothing
645,digestive soothing
646,digestive soothing
647,digestive soothing
648,digestive soothing
649,digestive soothing
651,digestive soothing
652,digestive soothing
654,digestive soothing
659,digestive soothing
660,digestive soothing
661,digestive soothing
663,digestive soothing
664,digestive soothing
665,digestive soothing
666,digestive soothing
668,digestive soothing
669,digestive soothing
670,digestive soothing
674,digestive soothing
677,digestive soothing
678,digestive soothing
679,digestive soothing
680,digestive soothing
682,digestive soothing
683,digestive soothing
684,digestive soothing
686,digestive soothing
687,digestive soothing
689,digestive soothing
690,digestive soothing
691,digestive soothing
694,digestive soothing
695,digestive soothing
697,digestive soothing
698,digestive soothing
699,digestive soothing
700,digestive soothing
701,digestive soothing
703,digestive soothing
704,digestive soothing
707,digestive soothing
708,digestive soothing
710,digestive soothing
712,digestive soothing
713,digestive soothing
714,digestive soothing
715,digestive soothing
716,digestive soothing
717,digestive soothing
718,digestive soothing
719,digestive soothing
720,digestive soothing
723,digestive soothing
727,digestive soothing
728,digestive soothing
729,digestive soothing
730,digestive soothing
731,digestive soothing
732,digestive soothing
735,digestive soothing
737,digestive soothing
738,digestive soothing
741,digestive soothing
743,digestive soothing
744,digestive soothing
745,digestive soothing
746,digestive soothing
747,digestive soothing
748,digestive soothing
749,digestive soothing
750,digestive soothing
751,digestive soothing
752,digestive soothing
753,digestive soothing
754,digestive soothing
755,digestive soothing
756,digestive soothing
757,digestive soothing
759,digestive soothing
760,digestive soothing
762,digestive soothing
764,digestive soothing
765,digestive soothing
766,digestive soothing
767,digestive soothing
768,digestive soothing
769,digestive soothing
770,digestive soothing
771,digestive soothing
772,digestive soothing
773,digestive soothing
774,digestive soothing
775,digestive soothing
776,digestive soothing
777,digestive soothing
778,digestive soothing
779,digestive soothing
780,digestive soothing
781,digestive soothing
782,digestive soothing
783,digestive soothing
784,digestive soothing
785,digestive soothing
786,digestive soothing
787,digestive soothing
788,digestive soothing
789,digestive soothing
791,digestive soothing
792,digestive soothing
793,digestive soothing
794,digestive soothing
795,digestive soothing
796,digestive soothing
797,digestive soothing
798,digestive soothing
799,digestive soothing
800,digestive soothing
801,digestive soothing
802,digestive soothing
803,digestive soothing
804,digestive soothing
805,digestive soothing
806,digestive soothing
807,digestive soothing
808,digestive soothing
810,digestive soothing
811,digestive soothing
812,digestive soothing
814,digestive soothing
815,digestive soothing
817,digestive soothing
818,digestive soothing
820,digestive soothing
821,digestive soothing
822,digestive soothing
823,digestive soothing
824,digestive soothing
827,digestive soothing
828,digestive soothing
829,digestive soothing
830,digestive soothing
831,digestive soothing
832,digestive soothing
833,digestive soothing
836,digestive soothing
837,digestive soothing
838,digestive soothing
840,digestive soothing
841,digestive soothing
843,digestive soothing
844,digestive soothing
845,digestive soothing
846,digestive soothing
847,digestive soothing
848,digestive soothing
850,digestive soothing
853,digestive soothing
854,digestive soothing
855,digestive soothing
856,digestive soothing
857,digestive soothing
858,digestive soothing
859,digestive soothing
860,digestive soothing
862,digestive soothing
864,digestive soothing
865,digestive soothing
866,digestive soothing
868,digestive soothing
869,digestive soothing
872,digestive soothing
873,digestive soothing
874,digestive soothing
875,digestive soothing
876,digestive soothing
877,digestive soothing
878,digestive soothing
880,digestive soothing
881,digestive soothing
882,digestive soothing
884,digestive soothing
885,digestive soothing
886,digestive soothing
887,digestive soothing
888,digestive soothing
889,digestive soothing
890,digestive soothing
891,digestive soothing
892,digestive soothing
893,digestive soothing
894,digestive soothing
895,digestive soothing
896,digestive soothing
899,digestive soothing
903,digestive soothing
904,digestive soothing
905,digestive soothing
906,digestive soothing
907,digestive soothing
908,digestive soothing
910,digestive soothing
911,digestive soothing
912,digestive soothing
914,digestive soothing
915,digestive soothing
916,digestive soothing
917,digestive soothing
918,digestive soothing
919,digestive soothing
920,digestive soothing
921,digestive soothing
922,digestive soothing
923,digestive soothing
924,digestive soothing
926,digestive soothing
927,digestive soothing
928,digestive soothing
929,digestive soothing
930,digestive soothing
931,digestive soothing
932,digestive soothing
934,digestive soothing
936,digestive soothing
938,digestive soothing
941,digestive soothing
942,digestive soothing
943,digestive soothing
944,digestive soothing
945,digestive soothing
946,digestive soothing
947,digestive soothing
948,digestive soothing
949,digestive soothing
950,digestive soothing
951,digestive soothing
952,digestive soothing
953,digestive soothing
954,digestive soothing
955,digestive soothing
956,digestive soothing
957,digestive soothing
958,digestive soothing
959,digestive soothing
960,digestive soothing
961,digestive soothing
962,digestive soothing
963,digestive soothing
964,digestive soothing
966,digestive soothing
967,digestive soothing
968,digestive soothing
969,digestive soothing
972,digestive soothing
973,digestive soothing
974,digestive soothing
975,digestive soothing
976,digestive soothing
977,digestive soothing
978,digestive soothing
979,digestive soothing
980,digestive soothing
981,digestive soothing
984,digestive soothing
985,digestive soothing
986,digestive soothing
988,digestive soothing
989,digestive soothing
990,digestive soothing
991,digestive soothing
992,digestive soothing
995,digestive soothing
996,digestive soothing
998,digestive soothing
999,digestive soothing
1000,digestive soothing
1001,digestive soothing
1002,digestive soothing
1004,digestive soothing
1005,digestive soothing
1006,digestive soothing
1007,digestive soothing
1008,digestive soothing
1009,digestive soothing
1010,digestive soothing
1011,digestive soothing
1012,digestive soothing
1013,digestive soothing
1014,digestive soothing
1015,digestive soothing
1016,digestive soothing
1017,digestive soothing
1018,digestive soothing
1019,digestive soothing
1020,digestive soothing
1022,digestive soothing
1023,digestive soothing
1024,digestive soothing
1028,digestive soothing
1029,digestive soothing
1030,digestive soothing
1031,digestive soothing
1033,digestive soothing
1038,digestive soothing
1040,digestive soothing
1042,digestive soothing
1043,digestive soothing
1045,digestive soothing
1046,digestive soothing
1047,digestive soothing
1050,digestive soothing
1051,digestive soothing
1052,digestive soothing
1053,digestive soothing
1056,digestive soothing
1057,digestive soothing
1058,digestive soothing
1062,digestive soothing
1063,digestive soothing
1064,digestive soothing
1065,digestive soothing
1066,digestive soothing
1067,digestive soothing
1068,digestive soothing
1069,digestive soothing
1070,digestive soothing
1071,digestive soothing
1072,digestive soothing
1077,digestive soothing
1079,digestive soothing
1080,digestive soothing
1081,digestive soothing
1082,digestive soothing
1083,digestive soothing
1084,digestive soothing
1087,digestive soothing
1088,digestive soothing
1089,digestive soothing
1090,digestive soothing
1100,digestive soothing
1102,digestive soothing
1104,digestive soothing
1109,digestive soothing
1110,digestive soothing
1111,digestive soothing
1115,digestive soothing
1116,digestive soothing
1117,digestive soothing
1118,digestive soothing
1119,digestive soothing
1120,digestive soothing
1121,digestive soothing
1122,digestive soothing
1125,digestive soothing
1126,digestive soothing
1127,digestive soothing
1132,digestive soothing
1133,digestive soothing
1134,digestive soothing
1136,digestive soothing
1137,digestive soothing
1140,digestive soothing
1141,digestive soothing
1142,digestive soothing
1145,digestive soothing
1146,digestive soothing
1147,digestive soothing
1148,digestive soothing
1149,digestive soothing
1150,digestive soothing
1151,digestive soothing
1152,digestive soothing
1153,digestive soothing
1154,digestive soothing
1155,digestive soothing
1156,digestive soothing
1157,digestive soothing
1158,digestive soothing
1160,digestive soothing
1161,digestive soothing
1162,digestive soothing
1163,digestive soothing
1164,digestive soothing
1165,digestive soothing
1166,digestive soothing
1167,digestive soothing
1168,digestive soothing
1169,digestive soothing
1170,digestive soothing
1171,digestive soothing
1172,digestive soothing
1173,digestive soothing
1174,digestive soothing
1175,digestive soothing
1176,digestive soothing
1177,digestive soothing
1178,digestive soothing
1179,digestive soothing
1180,digestive soothing
1181,digestive soothing
1182,digestive soothing
1183,digestive soothing
1185,digestive soothing
1186,digestive soothing
1189,digestive soothing
1191,digestive soothing
1192,digestive soothing
1193,digestive soothing
1195,digestive soothing
1196,digestive soothing
1197,digestive soothing
1198,digestive soothing
1199,digestive soothing
1200,digestive soothing
1202,digestive soothing
1203,digestive soothing
1204,digestive soothing
1205,digestive soothing
1206,digestive soothing
1207,digestive soothing
1208,digestive soothing
1209,digestive soothing
1210,digestive soothing
1211,digestive soothing
1213,digestive soothing
1214,digestive soothing
1215,digestive soothing
1216,digestive soothing
1217,digestive soothing
1218,digestive soothing
3,diarrhea relief
17,diarrhea relief
20,diarrhea relief
32,diarrhea relief
33,diarrhea relief
34,diarrhea relief
35,diarrhea relief
36,diarrhea relief
37,diarrhea relief
38,diarrhea relief
40,diarrhea relief
45,diarrhea relief
46,diarrhea relief
47,diarrhea relief
48,diarrhea relief
49,diarrhea relief
51,diarrhea relief
59,diarrhea relief
60,diarrhea relief
61,diarrhea relief
63,diarrhea relief
64,diarrhea relief
65,diarrhea relief
66,diarrhea relief
67,diarrhea relief
70,diarrhea relief
73,diarrhea relief
75,diarrhea relief
76,diarrhea relief
78,diarrhea relief
79,diarrhea relief
80,diarrhea relief
84,diarrhea relief
85,diarrhea relief
86,diarrhea relief
87,diarrhea relief
88,diarrhea relief
90,diarrhea relief
92,diarrhea relief
93,diarrhea relief
94,diarrhea relief
97,diarrhea relief
100,diarrhea relief
101,diarrhea relief
102,diarrhea relief
103,diarrhea relief
104,diarrhea relief
105,diarrhea relief
107,diarrhea relief
109,diarrhea relief
110,diarrhea relief
114,diarrhea relief
116,diarrhea relief
118,diarrhea relief
120,diarrhea relief
122,diarrhea relief
123,diarrhea relief
124,diarrhea relief
125,diarrhea relief
126,diarrhea relief
127,diarrhea relief
128,diarrhea relief
129,diarrhea relief
130,diarrhea relief
131,diarrhea relief
132,diarrhea relief
134,diarrhea relief
135,diarrhea relief
136,diarrhea relief
139,diarrhea relief
141,diarrhea relief
142,diarrhea relief
145,diarrhea relief
146,diarrhea relief
148,diarrhea relief
149,diarrhea relief
158,diarrhea relief
167,diarrhea relief
168,diarrhea relief
170,diarrhea relief
171,diarrhea relief
172,diarrhea relief
173,diarrhea relief
174,diarrhea relief
175,diarrhea relief
176,diarrhea relief
178,diarrhea relief
179,diarrhea relief
186,diarrhea relief
192,diarrhea relief
194,diarrhea relief
195,diarrhea relief
196,diarrhea relief
197,diarrhea relief
198,diarrhea relief
199,diarrhea relief
204,diarrhea relief
206,diarrhea relief
207,diarrhea relief
208,diarrhea relief
210,diarrhea relief
214,diarrhea relief
215,diarrhea relief
216,diarrhea relief
217,diarrhea relief
221,diarrhea relief
222,diarrhea relief
223,diarrhea relief
232,diarrhea relief
234,diarrhea relief
235,diarrhea relief
236,diarrhea relief
237,diarrhea relief
239,diarrhea relief
241,diarrhea relief
245,diarrhea relief
246,diarrhea relief
250,diarrhea relief
257,diarrhea relief
258,diarrhea relief
312,diarrhea relief
343,diarrhea relief
345,diarrhea relief
346,diarrhea relief
350,diarrhea relief
352,diarrhea relief
359,diarrhea relief
370,diarrhea relief
372,diarrhea relief
373,diarrhea relief
374,diarrhea relief
376,diarrhea relief
379,diarrhea relief
381,diarrhea relief
385,diarrhea relief
389,diarrhea relief
392,diarrhea relief
394,diarrhea relief
395,diarrhea relief
396,diarrhea relief
399,diarrhea relief
401,diarrhea relief
403,diarrhea relief
405,diarrhea relief
427,diarrhea relief
487,diarrhea relief
488,diarrhea relief
489,diarrhea relief
491,diarrhea relief
493,diarrhea relief
494,diarrhea relief
495,diarrhea relief
497,diarrhea relief
498,diarrhea relief
499,diarrhea relief
501,diarrhea relief
502,diarrhea relief
504,diarrhea relief
505,diarrhea relief
506,diarrhea relief
509,diarrhea relief
510,diarrhea relief
511,diarrhea relief
515,diarrhea relief
517,diarrhea relief
520,diarrhea relief
521,diarrhea relief
522,diarrhea relief
527,diarrhea relief
530,diarrhea relief
531,diarrhea relief
534,diarrhea relief
535,diarrhea relief
539,diarrhea relief
546,diarrhea relief
551,diarrhea relief
552,diarrhea relief
555,diarrhea relief
558,diarrhea relief
560,diarrhea relief
561,diarrhea relief
562,diarrhea relief
563,diarrhea relief
564,diarrhea relief
565,diarrhea relief
567,diarrhea relief
568,diarrhea relief
569,diarrhea relief
575,diarrhea relief
576,diarrhea relief
577,diarrhea relief
578,diarrhea relief
581,diarrhea relief
583,diarrhea relief
588,diarrhea relief
591,diarrhea relief
602,diarrhea relief
603,diarrhea relief
604,diarrhea relief
605,diarrhea relief
606,diarrhea relief
607,diarrhea relief
608,diarrhea relief
609,diarrhea relief
610,diarrhea relief
611,diarrhea relief
613,diarrhea relief
617,diarrhea relief
618,diarrhea relief
621,diarrhea relief
622,diarrhea relief
624,diarrhea relief
625,diarrhea relief
626,diarrhea relief
627,diarrhea relief
628,diarrhea relief
631,diarrhea relief
634,diarrhea relief
637,diarrhea relief
638,diarrhea relief
639,diarrhea relief
640,diarrhea relief
641,diarrhea relief
643,diarrhea relief
644,diarrhea relief
646,diarrhea relief
647,diarrhea relief
649,diarrhea relief
651,diarrhea relief
652,diarrhea relief
655,diarrhea relief
656,diarrhea relief
658,diarrhea relief
660,diarrhea relief
661,diarrhea relief
663,diarrhea relief
664,diarrhea relief
665,diarrhea relief
666,diarrhea relief
667,diarrhea relief
668,diarrhea relief
669,diarrhea relief
670,diarrhea relief
671,diarrhea relief
674,diarrhea relief
677,diarrhea relief
679,diarrhea relief
680,diarrhea relief
683,diarrhea relief
686,diarrhea relief
691,diarrhea relief
697,diarrhea relief
698,diarrhea relief
700,diarrhea relief
701,diarrhea relief
704,diarrhea relief
708,diarrhea relief
710,diarrhea relief
712,diarrhea relief
717,diarrhea relief
719,diarrhea relief
721,diarrhea relief
743,diarrhea relief
744,diarrhea relief
747,diarrhea relief
753,diarrhea relief
755,diarrhea relief
759,diarrhea relief
760,diarrhea relief
762,diarrhea relief
771,diarrhea relief
800,diarrhea relief
809,diarrhea relief
810,diarrhea relief
811,diarrhea relief
836,diarrhea relief
840,diarrhea relief
841,diarrhea relief
842,diarrhea relief
845,diarrhea relief
847,diarrhea relief
851,diarrhea relief
854,diarrhea relief
859,diarrhea relief
874,diarrhea relief
875,diarrhea relief
889,diarrhea relief
917,diarrhea relief
919,diarrhea relief
920,diarrhea relief
921,diarrhea relief
928,diarrhea relief
942,diarrhea relief
954,diarrhea relief
955,diarrhea relief
969,diarrhea relief
979,diarrhea relief
980,diarrhea relief
981,diarrhea relief
984,diarrhea relief
985,diarrhea relief
995,diarrhea relief
996,diarrhea relief
998,diarrhea relief
1001,diarrhea relief
1002,diarrhea relief
1009,diarrhea relief
1028,diarrhea relief
1030,diarrhea relief
1047,diarrhea relief
1049,diarrhea relief
1050,diarrhea relief
1051,diarrhea relief
1052,diarrhea relief
1053,diarrhea relief
1056,diarrhea relief
1057,diarrhea relief
1058,diarrhea relief
1064,diarrhea relief
1077,diarrhea relief
1088,diarrhea relief
1089,diarrhea relief
1109,diarrhea relief
1110,diarrhea relief
1115,diarrhea relief
1116,diarrhea relief
1118,diarrhea relief
1119,diarrhea relief
1120,diarrhea relief
1121,diarrhea relief
1122,diarrhea relief
1123,diarrhea relief
1124,diarrhea relief
1125,diarrhea relief
1126,diarrhea relief
1127,diarrhea relief
1128,diarrhea relief
1132,diarrhea relief
1133,diarrhea relief
1134,diarrhea relief
1135,diarrhea relief
1136,diarrhea relief
1137,diarrhea relief
1138,diarrhea relief
1140,diarrhea relief
1141,diarrhea relief
1142,diarrhea relief
1144,diarrhea relief
1145,diarrhea relief
1146,diarrhea relief
1147,diarrhea relief
1148,diarrhea relief
1150,diarrhea relief
1151,diarrhea relief
1152,diarrhea relief
1153,diarrhea relief
1154,diarrhea relief
1155,diarrhea relief
1160,diarrhea relief
1162,diarrhea relief
1163,diarrhea relief
1164,diarrhea relief
1165,diarrhea relief
1167,diarrhea relief
1168,diarrhea relief
1169,diarrhea relief
1170,diarrhea relief
1171,diarrhea relief
1172,diarrhea relief
1173,diarrhea relief
1174,diarrhea relief
1175,diarrhea relief
1176,diarrhea relief
1177,diarrhea relief
1178,diarrhea relief
1179,diarrhea relief
1181,diarrhea relief
1185,diarrhea relief
1186,diarrhea relief
1188,diarrhea relief
1189,diarrhea relief
1191,diarrhea relief
1193,diarrhea relief
1196,diarrhea relief
1199,diarrhea relief
1201,diarrhea relief
1202,diarrhea relief
1203,diarrhea relief
1204,diarrhea relief
1205,diarrhea relief
1206,diarrhea relief
1208,diarrhea relief
1212,diarrhea relief
1213,diarrhea relief
1216,diarrhea relief
1217,diarrhea relief
1218,diarrhea relief
49,bloating reduction
145,bloating reduction
171,bloating reduction
179,bloating reduction
252,bloating reduction
324,bloating reduction
346,bloating reduction
373,bloating reduction
374,bloating reduction
395,bloating reduction
397,bloating reduction
398,bloating reduction
399,bloating reduction
403,bloating reduction
406,bloating reduction
411,bloating reduction
439,bloating reduction
561,bloating reduction
566,bloating reduction
575,bloating reduction
586,bloating reduction
587,bloating reduction
606,bloating reduction
666,bloating reduction
668,bloating reduction
669,bloating reduction
686,bloating reduction
744,bloating reduction
747,bloating reduction
760,bloating reduction
765,bloating reduction
770,bloating reduction
771,bloating reduction
776,bloating reduction
777,bloating reduction
784,bloating reduction
793,bloating reduction
804,bloating reduction
808,bloating reduction
812,bloating reduction
817,bloating reduction
818,bloating reduction
821,bloating reduction
822,bloating reduction
823,bloating reduction
827,bloating reduction
830,bloating reduction
831,bloating reduction
833,bloating reduction
853,bloating reduction
854,bloating reduction
864,bloating reduction
924,bloating reduction
978,bloating reduction
986,bloating reduction
997,bloating reduction
1005,bloating reduction
1070,bloating reduction
1121,bloating reduction
1164,bloating reduction
1168,bloating reduction
1172,bloating reduction
1181,bloating reduction
1189,bloating reduction
1196,bloating reduction
1203,bloating reduction
1204,bloating reduction
1205,bloating reduction
1206,bloating reduction
23,travel essential
24,travel essential
45,travel essential
49,travel essential
59,travel essential
67,travel essential
89,travel essential
92,travel essential
102,travel essential
103,travel essential
110,travel essential
128,travel essential
141,travel essential
142,travel essential
145,travel essential
146,travel essential
178,travel essential
179,travel essential
195,travel essential
198,travel essential
199,travel essential
221,travel essential
222,travel essential
348,travel essential
363,travel essential
408,travel essential
415,travel essential
494,travel essential
505,travel essential
530,travel essential
563,travel essential
590,travel essential
606,travel essential
607,travel essential
608,travel essential
609,travel essential
636,travel essential
637,travel essential
647,travel essential
665,travel essential
666,travel essential
669,travel essential
670,travel essential
979,travel essential
980,travel essential
986,travel essential
992,travel essential
997,travel essential
998,travel essential
1014,travel essential
1031,travel essential
1056,travel essential
1057,travel essential
1058,travel essential
1088,travel essential
1148,travel essential
1156,travel essential
1157,travel essential
1161,travel essential
1162,travel essential
1167,travel essential
1168,travel essential
1169,travel essential
1193,travel essential
6,convenient
10,convenient
14,convenient
37,convenient
49,convenient
59,convenient
66,convenient
67,convenient
76,convenient
78,convenient
89,convenient
92,convenient
93,convenient
94,convenient
122,convenient
128,convenient
129,convenient
130,convenient
136,convenient
141,convenient
142,convenient
145,convenient
146,convenient
150,convenient
155,convenient
156,convenient
157,convenient
158,convenient
163,convenient
168,convenient
170,convenient
171,convenient
172,convenient
173,convenient
174,convenient
175,convenient
176,convenient
178,convenient
179,convenient
180,convenient
181,convenient
182,convenient
184,convenient
186,convenient
188,convenient
191,convenient
192,convenient
195,convenient
198,convenient
199,convenient
203,convenient
205,convenient
209,convenient
218,convenient
219,convenient
223,convenient
233,convenient
249,convenient
256,convenient
258,convenient
259,convenient
262,convenient
264,convenient
278,convenient
280,convenient
282,convenient
299,convenient
304,convenient
305,convenient
309,convenient
310,convenient
311,convenient
312,convenient
314,convenient
315,convenient
316,convenient
317,convenient
327,convenient
334,convenient
336,convenient
337,convenient
340,convenient
341,convenient
342,convenient
343,convenient
346,convenient
347,convenient
354,convenient
362,convenient
363,convenient
366,convenient
373,convenient
374,convenient
376,convenient
385,convenient
395,convenient
397,convenient
405,convenient
406,convenient
408,convenient
411,convenient
413,convenient
423,convenient
425,convenient
427,convenient
429,convenient
432,convenient
433,convenient
434,convenient
435,convenient
437,convenient
448,convenient
453,convenient
454,convenient
455,convenient
457,convenient
464,convenient
476,convenient
486,convenient
488,convenient
491,convenient
493,convenient
495,convenient
506,convenient
509,convenient
511,convenient
513,convenient
514,convenient
519,convenient
522,convenient
525,convenient
527,convenient
531,convenient
532,convenient
533,convenient
543,convenient
544,convenient
545,convenient
546,convenient
549,convenient
552,convenient
561,convenient
562,convenient
563,convenient
566,convenient
577,convenient
579,convenient
585,convenient
586,convenient
587,convenient
589,convenient
590,convenient
592,convenient
593,convenient
594,convenient
602,convenient
606,convenient
607,convenient
608,convenient
613,convenient
614,convenient
615,convenient
616,convenient
618,convenient
619,convenient
620,convenient
621,convenient
622,convenient
627,convenient
629,convenient
630,convenient
631,convenient
632,convenient
633,convenient
634,convenient
636,convenient
637,convenient
647,convenient
664,convenient
665,convenient
666,convenient
669,convenient
670,convenient
674,convenient
677,convenient
680,convenient
683,convenient
686,convenient
690,convenient
710,convenient
729,convenient
738,convenient
741,convenient
744,convenient
745,convenient
746,convenient
747,convenient
754,convenient
756,convenient
765,convenient
766,convenient
767,convenient
768,convenient
769,convenient
776,convenient
777,convenient
782,convenient
783,convenient
784,convenient
785,convenient
786,convenient
793,convenient
794,convenient
795,convenient
797,convenient
798,convenient
799,convenient
803,convenient
804,convenient
806,convenient
807,convenient
812,convenient
815,convenient
817,convenient
818,convenient
828,convenient
830,convenient
831,convenient
832,convenient
836,convenient
840,convenient
841,convenient
843,convenient
844,convenient
853,convenient
854,convenient
855,convenient
864,convenient
865,convenient
874,convenient
881,convenient
892,convenient
919,convenient
945,convenient
947,convenient
948,convenient
967,convenient
968,convenient
969,convenient
979,convenient
980,convenient
981,convenient
986,convenient
992,convenient
997,convenient
998,convenient
999,convenient
1001,convenient
1011,convenient
1012,convenient
1013,convenient
1014,convenient
1017,convenient
1018,convenient
1020,convenient
1043,convenient
1045,convenient
1051,convenient
1052,convenient
1056,convenient
1057,convenient
1062,convenient
1063,convenient
1064,convenient
1065,convenient
1069,convenient
1079,convenient
1080,convenient
1088,convenient
1118,convenient
1120,convenient
1121,convenient
1126,convenient
1132,convenient
1136,convenient
1140,convenient
1141,convenient
1142,convenient
1145,convenient
1148,convenient
1151,convenient
1155,convenient
1156,convenient
1157,convenient
1158,convenient
1160,convenient
1162,convenient
1163,convenient
1164,convenient
1166,convenient
1167,convenient
1168,convenient
1170,convenient
1172,convenient
1173,convenient
1174,convenient
1175,convenient
1177,convenient
1178,convenient
1180,convenient
1185,convenient
1186,convenient
1189,convenient
1193,convenient
1195,convenient
1196,convenient
1197,convenient
1198,convenient
1202,convenient
1203,convenient
1204,convenient
1205,convenient
1206,convenient
1215,convenient
1218,convenient
38,black stool
42,black stool
43,black stool
44,black stool
45,black stool
48,black stool
85,black stool
136,black stool
182,black stool
183,black stool
211,black stool
212,black stool
213,black stool
216,black stool
217,black stool
227,black stool
228,black stool
245,black stool
249,black stool
252,black stool
258,black stool
266,black stool
267,black stool
268,black stool
269,black stool
300,black stool
301,black stool
302,black stool
308,black stool
337,black stool
406,black stool
407,black stool
409,black stool
425,black stool
428,black stool
466,black stool
479,black stool
480,black stool
505,black stool
507,black stool
511,black stool
512,black stool
570,black stool
571,black stool
572,black stool
574,black stool
590,black stool
640,black stool
643,black stool
644,black stool
645,black stool
676,black stool
824,black stool
850,black stool
882,black stool
898,black stool
902,black stool
904,black stool
919,black stool
960,black stool
979,black stool
984,black stool
1087,black stool
1145,black stool
38,tongue discoloration
42,tongue discoloration
43,tongue discoloration
44,tongue discoloration
136,tongue discoloration
169,tongue discoloration
227,tongue discoloration
228,tongue discoloration
252,tongue discoloration
267,tongue discoloration
269,tongue discoloration
308,tongue discoloration
425,tongue discoloration
426,tongue discoloration
481,tongue discoloration
511,tongue discoloration
512,tongue discoloration
519,tongue discoloration
570,tongue discoloration
571,tongue discoloration
824,tongue discoloration
898,tongue discoloration
978,tongue discoloration
984,tongue discoloration
1145,tongue discoloration
37,constipation
41,constipation
56,constipation
58,constipation
59,constipation
75,constipation
79,constipation
95,constipation
98,constipation
99,constipation
100,constipation
107,constipation
109,constipation
114,constipation
115,constipation
118,constipation
122,constipation
123,constipation
141,constipation
148,constipation
156,constipation
196,constipation
247,constipation
250,constipation
252,constipation
254,constipation
257,constipation
259,constipation
270,constipation
292,constipation
297,constipation
339,constipation
352,constipation
446,constipation
452,constipation
474,constipation
500,constipation
503,constipation
506,constipation
508,constipation
512,constipation
515,constipation
517,constipation
518,constipation
520,constipation
522,constipation
534,constipation
537,constipation
538,constipation
540,constipation
542,constipation
544,constipation
547,constipation
552,constipation
553,constipation
554,constipation
559,constipation
564,constipation
566,constipation
580,constipation
581,constipation
582,constipation
591,constipation
616,constipation
621,constipation
623,constipation
632,constipation
634,constipation
643,constipation
645,constipation
659,constipation
668,constipation
738,constipation
739,constipation
740,constipation
752,constipation
754,constipation
758,constipation
760,constipation
780,constipation
788,constipation
791,constipation
798,constipation
819,constipation
820,constipation
821,constipation
825,constipation
826,constipation
834,constipation
835,constipation
840,constipation
842,constipation
845,constipation
851,constipation
855,constipation
863,constipation
869,constipation
870,constipation
886,constipation
926,constipation
927,constipation
951,constipation
956,constipation
962,constipation
979,constipation
982,constipation
983,constipation
988,constipation
1001,constipation
1002,constipation
1007,constipation
1008,constipation
1015,constipation
1033,constipation
1034,constipation
1035,constipation
1036,constipation
1049,constipation
1101,constipation
1145,constipation
1186,constipation
1192,constipation
1193,constipation
19,taste or texture issues
66,taste or texture issues
72,taste or texture issues
73,taste or texture issues
75,taste or texture issues
77,taste or texture issues
102,taste or texture issues
114,taste or texture issues
115,taste or texture issues
125,taste or texture issues
130,taste or texture issues
135,taste or texture issues
141,taste or texture issues
144,taste or texture issues
152,taste or texture issues
169,taste or texture issues
174,taste or texture issues
218,taste or texture issues
220,taste or texture issues
246,taste or texture issues
247,taste or texture issues
252,taste or texture issues
299,taste or texture issues
308,taste or texture issues
321,taste or texture issues
331,taste or texture issues
349,taste or texture issues
351,taste or texture issues
353,taste or texture issues
355,taste or texture issues
356,taste or texture issues
357,taste or texture issues
364,taste or texture issues
365,taste or texture issues
369,taste or texture issues
370,taste or texture issues
371,taste or texture issues
372,taste or texture issues
377,taste or texture issues
379,taste or texture issues
386,taste or texture issues
387,taste or texture issues
388,taste or texture issues
390,taste or texture issues
393,taste or texture issues
394,taste or texture issues
395,taste or texture issues
403,taste or texture issues
406,taste or texture issues
422,taste or texture issues
425,taste or texture issues
426,taste or texture issues
482,taste or texture issues
519,taste or texture issues
525,taste or texture issues
529,taste or texture issues
562,taste or texture issues
572,taste or texture issues
573,taste or texture issues
584,taste or texture issues
591,taste or texture issues
599,taste or texture issues
600,taste or texture issues
601,taste or texture issues
618,taste or texture issues
682,taste or texture issues
684,taste or texture issues
686,taste or texture issues
687,taste or texture issues
706,taste or texture issues
730,taste or texture issues
741,taste or texture issues
762,taste or texture issues
790,taste or texture issues
809,taste or texture issues
814,taste or texture issues
816,taste or texture issues
820,taste or texture issues
822,taste or texture issues
824,taste or texture issues
861,taste or texture issues
862,taste or texture issues
878,taste or texture issues
882,taste or texture issues
883,taste or texture issues
894,taste or texture issues
895,taste or texture issues
898,taste or texture issues
899,taste or texture issues
902,taste or texture issues
928,taste or texture issues
939,taste or texture issues
940,taste or texture issues
984,taste or texture issues
1013,taste or texture issues
1014,taste or texture issues
1025,taste or texture issues
1026,taste or texture issues
1040,taste or texture issues
1043,taste or texture issues
1061,taste or texture issues
1062,taste or texture issues
1069,taste or texture issues
1097,taste or texture issues
1122,taste or texture issues
1129,taste or texture issues
37,ineffective for severe cases
38,ineffective for severe cases
40,ineffective for severe cases
45,ineffective for severe cases
48,ineffective for severe cases
50,ineffective for severe cases
52,ineffective for severe cases
55,ineffective for severe cases
60,ineffective for severe cases
61,ineffective for severe cases
62,ineffective for severe cases
70,ineffective for severe cases
71,ineffective for severe cases
72,ineffective for severe cases
73,ineffective for severe cases
74,ineffective for severe cases
75,ineffective for severe cases
79,ineffective for severe cases
80,ineffective for severe cases
82,ineffective for severe cases
83,ineffective for severe cases
89,ineffective for severe cases
91,ineffective for severe cases
95,ineffective for severe cases
100,ineffective for severe cases
113,ineffective for severe cases
114,ineffective for severe cases
115,ineffective for severe cases
117,ineffective for severe cases
118,ineffective for severe cases
119,ineffective for severe cases
120,ineffective for severe cases
121,ineffective for severe cases
129,ineffective for severe cases
132,ineffective for severe cases
134,ineffective for severe cases
141,ineffective for severe cases
143,ineffective for severe cases
144,ineffective for severe cases
147,ineffective for severe cases
148,ineffective for severe cases
149,ineffective for severe cases
150,ineffective for severe cases
153,ineffective for severe cases
154,ineffective for severe cases
155,ineffective for severe cases
156,ineffective for severe cases
159,ineffective for severe cases
160,ineffective for severe cases
161,ineffective for severe cases
162,ineffective for severe cases
163,ineffective for severe cases
164,ineffective for severe cases
165,ineffective for severe cases
166,ineffective for severe cases
167,ineffective for severe cases
168,ineffective for severe cases
171,ineffective for severe cases
175,ineffective for severe cases
180,ineffective for severe cases
184,ineffective for severe cases
185,ineffective for severe cases
187,ineffective for severe cases
188,ineffective for severe cases
190,ineffective for severe cases
192,ineffective for severe cases
193,ineffective for severe cases
196,ineffective for severe cases
198,ineffective for severe cases
200,ineffective for severe cases
201,ineffective for severe cases
202,ineffective for severe cases
204,ineffective for severe cases
206,ineffective for severe cases
207,ineffective for severe cases
211,ineffective for severe cases
212,ineffective for severe cases
214,ineffective for severe cases
215,ineffective for severe cases
217,ineffective for severe cases
220,ineffective for severe cases
225,ineffective for severe cases
231,ineffective for severe cases
240,ineffective for severe cases
241,ineffective for severe cases
242,ineffective for severe cases
243,ineffective for severe cases
245,ineffective for severe cases
246,ineffective for severe cases
247,ineffective for severe cases
248,ineffective for severe cases
250,ineffective for severe cases
251,ineffective for severe cases
262,ineffective for severe cases
265,ineffective for severe cases
273,ineffective for severe cases
277,ineffective for severe cases
284,ineffective for severe cases
286,ineffective for severe cases
287,ineffective for severe cases
288,ineffective for severe cases
289,ineffective for severe cases
291,ineffective for severe cases
292,ineffective for severe cases
294,ineffective for severe cases
296,ineffective for severe cases
298,ineffective for severe cases
303,ineffective for severe cases
306,ineffective for severe cases
309,ineffective for severe cases
310,ineffective for severe cases
311,ineffective for severe cases
313,ineffective for severe cases
314,ineffective for severe cases
316,ineffective for severe cases
319,ineffective for severe cases
320,ineffective for severe cases
321,ineffective for severe cases
322,ineffective for severe cases
323,ineffective for severe cases
328,ineffective for severe cases
329,ineffective for severe cases
330,ineffective for severe cases
331,ineffective for severe cases
332,ineffective for severe cases
339,ineffective for severe cases
344,ineffective for severe cases
345,ineffective for severe cases
346,ineffective for severe cases
349,ineffective for severe cases
350,ineffective for severe cases
356,ineffective for severe cases
367,ineffective for severe cases
397,ineffective for severe cases
406,ineffective for severe cases
416,ineffective for severe cases
417,ineffective for severe cases
418,ineffective for severe cases
419,ineffective for severe cases
421,ineffective for severe cases
422,ineffective for severe cases
423,ineffective for severe cases
424,ineffective for severe cases
428,ineffective for severe cases
431,ineffective for severe cases
432,ineffective for severe cases
435,ineffective for severe cases
437,ineffective for severe cases
438,ineffective for severe cases
439,ineffective for severe cases
440,ineffective for severe cases
442,ineffective for severe cases
443,ineffective for severe cases
445,ineffective for severe cases
446,ineffective for severe cases
447,ineffective for severe cases
449,ineffective for severe cases
450,ineffective for severe cases
452,ineffective for severe cases
457,ineffective for severe cases
458,ineffective for severe cases
459,ineffective for severe cases
460,ineffective for severe cases
461,ineffective for severe cases
462,ineffective for severe cases
464,ineffective for severe cases
467,ineffective for severe cases
468,ineffective for severe cases
469,ineffective for severe cases
470,ineffective for severe cases
471,ineffective for severe cases
474,ineffective for severe cases
475,ineffective for severe cases
477,ineffective for severe cases
478,ineffective for severe cases
481,ineffective for severe cases
482,ineffective for severe cases
483,ineffective for severe cases
485,ineffective for severe cases
486,ineffective for severe cases
489,ineffective for severe cases
490,ineffective for severe cases
495,ineffective for severe cases
496,ineffective for severe cases
497,ineffective for severe cases
498,ineffective for severe cases
499,ineffective for severe cases
500,ineffective for severe cases
501,ineffective for severe cases
502,ineffective for severe cases
503,ineffective for severe cases
504,ineffective for severe cases
505,ineffective for severe cases
506,ineffective for severe cases
507,ineffective for severe cases
509,ineffective for severe cases
520,ineffective for severe cases
524,ineffective for severe cases
530,ineffective for severe cases
535,ineffective for severe cases
536,ineffective for severe cases
537,ineffective for severe cases
538,ineffective for severe cases
541,ineffective for severe cases
542,ineffective for severe cases
547,ineffective for severe cases
548,ineffective for severe cases
550,ineffective for severe cases
551,ineffective for severe cases
555,ineffective for severe cases
558,ineffective for severe cases
566,ineffective for severe cases
567,ineffective for severe cases
568,ineffective for severe cases
570,ineffective for severe cases
573,ineffective for severe cases
574,ineffective for severe cases
580,ineffective for severe cases
581,ineffective for severe cases
582,ineffective for severe cases
583,ineffective for severe cases
588,ineffective for severe cases
591,ineffective for severe cases
593,ineffective for severe cases
596,ineffective for severe cases
597,ineffective for severe cases
598,ineffective for severe cases
610,ineffective for severe cases
611,ineffective for severe cases
612,ineffective for severe cases
614,ineffective for severe cases
623,ineffective for severe cases
624,ineffective for severe cases
625,ineffective for severe cases
626,ineffective for severe cases
632,ineffective for severe cases
633,ineffective for severe cases
638,ineffective for severe cases
640,ineffective for severe cases
641,ineffective for severe cases
643,ineffective for severe cases
645,ineffective for severe cases
650,ineffective for severe cases
652,ineffective for severe cases
653,ineffective for severe cases
654,ineffective for severe cases
655,ineffective for severe cases
656,ineffective for severe cases
657,ineffective for severe cases
658,ineffective for severe cases
659,ineffective for severe cases
660,ineffective for severe cases
661,ineffective for severe cases
662,ineffective for severe cases
663,ineffective for severe cases
664,ineffective for severe cases
667,ineffective for severe cases
668,ineffective for severe cases
671,ineffective for severe cases
672,ineffective for severe cases
673,ineffective for severe cases
677,ineffective for severe cases
678,ineffective for severe cases
679,ineffective for severe cases
680,ineffective for severe cases
683,ineffective for severe cases
684,ineffective for severe cases
686,ineffective for severe cases
692,ineffective for severe cases
695,ineffective for severe cases
710,ineffective for severe cases
711,ineffective for severe cases
722,ineffective for severe cases
723,ineffective for severe cases
725,ineffective for severe cases
726,ineffective for severe cases
728,ineffective for severe cases
730,ineffective for severe cases
732,ineffective for severe cases
733,ineffective for severe cases
734,ineffective for severe cases
735,ineffective for severe cases
738,ineffective for severe cases
743,ineffective for severe cases
752,ineffective for severe cases
755,ineffective for severe cases
760,ineffective for severe cases
763,ineffective for severe cases
764,ineffective for severe cases
771,ineffective for severe cases
776,ineffective for severe cases
778,ineffective for severe cases
779,ineffective for severe cases
780,ineffective for severe cases
781,ineffective for severe cases
783,ineffective for severe cases
787,ineffective for severe cases
788,ineffective for severe cases
792,ineffective for severe cases
798,ineffective for severe cases
800,ineffective for severe cases
801,ineffective for severe cases
802,ineffective for severe cases
803,ineffective for severe cases
808,ineffective for severe cases
809,ineffective for severe cases
813,ineffective for severe cases
814,ineffective for severe cases
816,ineffective for severe cases
817,ineffective for severe cases
819,ineffective for severe cases
820,ineffective for severe cases
821,ineffective for severe cases
823,ineffective for severe cases
825,ineffective for severe cases
829,ineffective for severe cases
830,ineffective for severe cases
834,ineffective for severe cases
839,ineffective for severe cases
842,ineffective for severe cases
848,ineffective for severe cases
849,ineffective for severe cases
851,ineffective for severe cases
853,ineffective for severe cases
859,ineffective for severe cases
862,ineffective for severe cases
863,ineffective for severe cases
867,ineffective for severe cases
868,ineffective for severe cases
869,ineffective for severe cases
870,ineffective for severe cases
871,ineffective for severe cases
900,ineffective for severe cases
904,ineffective for severe cases
913,ineffective for severe cases
922,ineffective for severe cases
923,ineffective for severe cases
924,ineffective for severe cases
925,ineffective for severe cases
931,ineffective for severe cases
933,ineffective for severe cases
935,ineffective for severe cases
939,ineffective for severe cases
940,ineffective for severe cases
952,ineffective for severe cases
956,ineffective for severe cases
957,ineffective for severe cases
963,ineffective for severe cases
966,ineffective for severe cases
973,ineffective for severe cases
975,ineffective for severe cases
978,ineffective for severe cases
979,ineffective for severe cases
983,ineffective for severe cases
985,ineffective for severe cases
986,ineffective for severe cases
989,ineffective for severe cases
991,ineffective for severe cases
992,ineffective for severe cases
993,ineffective for severe cases
994,ineffective for severe cases
998,ineffective for severe cases
1001,ineffective for severe cases
1002,ineffective for severe cases
1003,ineffective for severe cases
1010,ineffective for severe cases
1015,ineffective for severe cases
1029,ineffective for severe cases
1032,ineffective for severe cases
1033,ineffective for severe cases
1034,ineffective for severe cases
1037,ineffective for severe cases
1040,ineffective for severe cases
1041,ineffective for severe cases
1042,ineffective for severe cases
1046,ineffective for severe cases
1047,ineffective for severe cases
1048,ineffective for severe cases
1049,ineffective for severe cases
1050,ineffective for severe cases
1051,ineffective for severe cases
1054,ineffective for severe cases
1058,ineffective for severe cases
1059,ineffective for severe cases
1060,ineffective for severe cases
1061,ineffective for severe cases
1062,ineffective for severe cases
1063,ineffective for severe cases
1067,ineffective for severe cases
1070,ineffective for severe cases
1078,ineffective for severe cases
1085,ineffective for severe cases
1090,ineffective for severe cases
1091,ineffective for severe cases
1092,ineffective for severe cases
1093,ineffective for severe cases
1094,ineffective for severe cases
1095,ineffective for severe cases
1096,ineffective for severe cases
1097,ineffective for severe cases
1099,ineffective for severe cases
1103,ineffective for severe cases
1104,ineffective for severe cases
1105,ineffective for severe cases
1106,ineffective for severe cases
1108,ineffective for severe cases
1122,ineffective for severe cases
1123,ineffective for severe cases
1124,ineffective for severe cases
1127,ineffective for severe cases
1129,ineffective for severe cases
1130,ineffective for severe cases
1131,ineffective for severe cases
1133,ineffective for severe cases
1134,ineffective for severe cases
1135,ineffective for severe cases
1137,ineffective for severe cases
1138,ineffective for severe cases
1139,ineffective for severe cases
1140,ineffective for severe cases
1143,ineffective for severe cases
1144,ineffective for severe cases
1145,ineffective for severe cases
1154,ineffective for severe cases
1156,ineffective for severe cases
1159,ineffective for severe cases
1162,ineffective for severe cases
1168,ineffective for severe cases
1179,ineffective for severe cases
1181,ineffective for severe cases
1183,ineffective for severe cases
1184,ineffective for severe cases
1185,ineffective for severe cases
1190,ineffective for severe cases
1191,ineffective for severe cases
1192,ineffective for severe cases
1194,ineffective for severe cases
1199,ineffective for severe cases
1200,ineffective for severe cases
1203,ineffective for severe cases
1207,ineffective for severe cases
1208,ineffective for severe cases
1210,ineffective for severe cases
6,medication interactions
8,medication interactions
45,medication interactions
69,medication interactions
82,medication interactions
83,medication interactions
88,medication interactions
89,medication interactions
95,medication interactions
97,medication interactions
98,medication interactions
102,medication interactions
103,medication interactions
113,medication interactions
122,medication interactions
124,medication interactions
132,medication interactions
134,medication interactions
135,medication interactions
136,medication interactions
137,medication interactions
141,medication interactions
144,medication interactions
160,medication interactions
162,medication interactions
177,medication interactions
182,medication interactions
210,medication interactions
211,medication interactions
215,medication interactions
220,medication interactions
223,medication interactions
224,medication interactions
226,medication interactions
229,medication interactions
230,medication interactions
232,medication interactions
234,medication interactions
235,medication interactions
243,medication interactions
245,medication interactions
247,medication interactions
249,medication interactions
252,medication interactions
255,medication interactions
257,medication interactions
259,medication interactions
260,medication interactions
270,medication interactions
271,medication interactions
273,medication interactions
277,medication interactions
290,medication interactions
291,medication interactions
295,medication interactions
297,medication interactions
300,medication interactions
301,medication interactions
302,medication interactions
303,medication interactions
304,medication interactions
306,medication interactions
307,medication interactions
309,medication interactions
311,medication interactions
319,medication interactions
320,medication interactions
321,medication interactions
322,medication interactions
330,medication interactions
331,medication interactions
332,medication interactions
334,medication interactions
336,medication interactions
338,medication interactions
344,medication interactions
345,medication interactions
356,medication interactions
403,medication interactions
406,medication interactions
416,medication interactions
421,medication interactions
423,medication interactions
424,medication interactions
426,medication interactions
432,medication interactions
438,medication interactions
448,medication interactions
452,medication interactions
456,medication interactions
477,medication interactions
478,medication interactions
479,medication interactions
482,medication interactions
483,medication interactions
487,medication interactions
492,medication interactions
493,medication interactions
496,medication interactions
497,medication interactions
505,medication interactions
516,medication interactions
520,medication interactions
521,medication interactions
522,medication interactions
525,medication interactions
537,medication interactions
538,medication interactions
542,medication interactions
558,medication interactions
559,medication interactions
566,medication interactions
574,medication interactions
581,medication interactions
582,medication interactions
597,medication interactions
602,medication interactions
638,medication interactions
640,medication interactions
642,medication interactions
655,medication interactions
656,medication interactions
661,medication interactions
667,medication interactions
675,medication interactions
676,medication interactions
677,medication interactions
686,medication interactions
689,medication interactions
690,medication interactions
691,medication interactions
696,medication interactions
697,medication interactions
701,medication interactions
702,medication interactions
704,medication interactions
709,medication interactions
710,medication interactions
711,medication interactions
720,medication interactions
721,medication interactions
722,medication interactions
725,medication interactions
730,medication interactions
734,medication interactions
737,medication interactions
738,medication interactions
752,medication interactions
760,medication interactions
763,medication interactions
764,medication interactions
776,medication interactions
780,medication interactions
784,medication interactions
787,medication interactions
788,medication interactions
793,medication interactions
803,medication interactions
813,medication interactions
814,medication interactions
821,medication interactions
825,medication interactions
826,medication interactions
829,medication interactions
830,medication interactions
834,medication interactions
835,medication interactions
836,medication interactions
840,medication interactions
842,medication interactions
843,medication interactions
846,medication interactions
849,medication interactions
850,medication interactions
857,medication interactions
863,medication interactions
867,medication interactions
869,medication interactions
871,medication interactions
872,medication interactions
874,medication interactions
877,medication interactions
880,medication interactions
885,medication interactions
886,medication interactions
887,medication interactions
888,medication interactions
894,medication interactions
896,medication interactions
897,medication interactions
898,medication interactions
899,medication interactions
903,medication interactions
905,medication interactions
906,medication interactions
907,medication interactions
908,medication interactions
910,medication interactions
911,medication interactions
912,medication interactions
914,medication interactions
916,medication interactions
917,medication interactions
918,medication interactions
919,medication interactions
920,medication interactions
921,medication interactions
922,medication interactions
923,medication interactions
925,medication interactions
926,medication interactions
930,medication interactions
936,medication interactions
943,medication interactions
946,medication interactions
947,medication interactions
948,medication interactions
949,medication interactions
950,medication interactions
951,medication interactions
952,medication interactions
956,medication interactions
965,medication interactions
966,medication interactions
970,medication interactions
971,medication interactions
972,medication interactions
973,medication interactions
974,medication interactions
976,medication interactions
977,medication interactions
979,medication interactions
988,medication interactions
993,medication interactions
994,medication interactions
995,medication interactions
1004,medication interactions
1006,medication interactions
1007,medication interactions
1048,medication interactions
1050,medication interactions
1051,medication interactions
1053,medication interactions
1072,medication interactions
1073,medication interactions
1074,medication interactions
1075,medication interactions
1076,medication interactions
1080,medication interactions
1084,medication interactions
1086,medication interactions
1089,medication interactions
1091,medication interactions
1092,medication interactions
1093,medication interactions
1094,medication interactions
1097,medication interactions
1103,medication interactions
1104,medication interactions
1105,medication interactions
1108,medication interactions
1109,medication interactions
1118,medication interactions
1122,medication interactions
1145,medication interactions
1156,medication interactions
1159,medication interactions
1170,medication interactions
1181,medication interactions
1190,medication interactions
1192,medication interactions
1193,medication interactions
1194,medication interactions
1200,medication interactions
1201,medication interactions
5,worsened symptoms
37,worsened symptoms
38,worsened symptoms
39,worsened symptoms
41,worsened symptoms
45,worsened symptoms
48,worsened symptoms
52,worsened symptoms
54,worsened symptoms
56,worsened symptoms
58,worsened symptoms
64,worsened symptoms
68,worsened symptoms
69,worsened symptoms
71,worsened symptoms
72,worsened symptoms
74,worsened symptoms
75,worsened symptoms
76,worsened symptoms
77,worsened symptoms
79,worsened symptoms
81,worsened symptoms
83,worsened symptoms
84,worsened symptoms
86,worsened symptoms
87,worsened symptoms
89,worsened symptoms
95,worsened symptoms
97,worsened symptoms
98,worsened symptoms
99,worsened symptoms
100,worsened symptoms
109,worsened symptoms
112,worsened symptoms
113,worsened symptoms
114,worsened symptoms
115,worsened symptoms
119,worsened symptoms
132,worsened symptoms
141,worsened symptoms
143,worsened symptoms
144,worsened symptoms
150,worsened symptoms
153,worsened symptoms
156,worsened symptoms
157,worsened symptoms
159,worsened symptoms
160,worsened symptoms
161,worsened symptoms
164,worsened symptoms
167,worsened symptoms
168,worsened symptoms
182,worsened symptoms
187,worsened symptoms
189,worsened symptoms
196,worsened symptoms
200,worsened symptoms
204,worsened symptoms
211,worsened symptoms
214,worsened symptoms
215,worsened symptoms
216,worsened symptoms
217,worsened symptoms
220,worsened symptoms
231,worsened symptoms
238,worsened symptoms
242,worsened symptoms
243,worsened symptoms
246,worsened symptoms
247,worsened symptoms
251,worsened symptoms
252,worsened symptoms
254,worsened symptoms
255,worsened symptoms
257,worsened symptoms
260,worsened symptoms
270,worsened symptoms
273,worsened symptoms
275,worsened symptoms
277,worsened symptoms
283,worsened symptoms
288,worsened symptoms
292,worsened symptoms
301,worsened symptoms
303,worsened symptoms
304,worsened symptoms
306,worsened symptoms
307,worsened symptoms
308,worsened symptoms
313,worsened symptoms
319,worsened symptoms
320,worsened symptoms
321,worsened symptoms
322,worsened symptoms
323,worsened symptoms
330,worsened symptoms
331,worsened symptoms
332,worsened symptoms
336,worsened symptoms
338,worsened symptoms
339,worsened symptoms
349,worsened symptoms
356,worsened symptoms
364,worsened symptoms
388,worsened symptoms
390,worsened symptoms
395,worsened symptoms
416,worsened symptoms
420,worsened symptoms
421,worsened symptoms
422,worsened symptoms
424,worsened symptoms
426,worsened symptoms
428,worsened symptoms
432,worsened symptoms
437,worsened symptoms
438,worsened symptoms
442,worsened symptoms
450,worsened symptoms
456,worsened symptoms
457,worsened symptoms
458,worsened symptoms
459,worsened symptoms
460,worsened symptoms
461,worsened symptoms
462,worsened symptoms
467,worsened symptoms
468,worsened symptoms
474,worsened symptoms
475,worsened symptoms
477,worsened symptoms
478,worsened symptoms
481,worsened symptoms
482,worsened symptoms
483,worsened symptoms
490,worsened symptoms
496,worsened symptoms
497,worsened symptoms
501,worsened symptoms
502,worsened symptoms
503,worsened symptoms
505,worsened symptoms
507,worsened symptoms
518,worsened symptoms
520,worsened symptoms
523,worsened symptoms
525,worsened symptoms
530,worsened symptoms
536,worsened symptoms
537,worsened symptoms
540,worsened symptoms
541,worsened symptoms
542,worsened symptoms
547,worsened symptoms
550,worsened symptoms
555,worsened symptoms
558,worsened symptoms
559,worsened symptoms
563,worsened symptoms
564,worsened symptoms
566,worsened symptoms
567,worsened symptoms
569,worsened symptoms
570,worsened symptoms
573,worsened symptoms
574,worsened symptoms
575,worsened symptoms
580,worsened symptoms
581,worsened symptoms
582,worsened symptoms
583,worsened symptoms
586,worsened symptoms
588,worsened symptoms
591,worsened symptoms
596,worsened symptoms
597,worsened symptoms
598,worsened symptoms
600,worsened symptoms
602,worsened symptoms
610,worsened symptoms
613,worsened symptoms
623,worsened symptoms
624,worsened symptoms
625,worsened symptoms
626,worsened symptoms
638,worsened symptoms
640,worsened symptoms
645,worsened symptoms
652,worsened symptoms
654,worsened symptoms
655,worsened symptoms
657,worsened symptoms
658,worsened symptoms
660,worsened symptoms
661,worsened symptoms
667,worsened symptoms
668,worsened symptoms
673,worsened symptoms
680,worsened symptoms
684,worsened symptoms
686,worsened symptoms
702,worsened symptoms
710,worsened symptoms
711,worsened symptoms
722,worsened symptoms
725,worsened symptoms
729,worsened symptoms
730,worsened symptoms
735,worsened symptoms
738,worsened symptoms
739,worsened symptoms
740,worsened symptoms
744,worsened symptoms
752,worsened symptoms
753,worsened symptoms
763,worsened symptoms
764,worsened symptoms
771,worsened symptoms
774,worsened symptoms
780,worsened symptoms
787,worsened symptoms
788,worsened symptoms
790,worsened symptoms
800,worsened symptoms
802,worsened symptoms
808,worsened symptoms
813,worsened symptoms
814,worsened symptoms
816,worsened symptoms
820,worsened symptoms
821,worsened symptoms
825,worsened symptoms
826,worsened symptoms
829,worsened symptoms
834,worsened symptoms
835,worsened symptoms
836,worsened symptoms
842,worsened symptoms
845,worsened symptoms
849,worsened symptoms
851,worsened symptoms
852,worsened symptoms
853,worsened symptoms
859,worsened symptoms
860,worsened symptoms
862,worsened symptoms
863,worsened symptoms
867,worsened symptoms
868,worsened symptoms
869,worsened symptoms
870,worsened symptoms
871,worsened symptoms
882,worsened symptoms
883,worsened symptoms
885,worsened symptoms
886,worsened symptoms
898,worsened symptoms
899,worsened symptoms
900,worsened symptoms
902,worsened symptoms
906,worsened symptoms
923,worsened symptoms
931,worsened symptoms
933,worsened symptoms
936,worsened symptoms
939,worsened symptoms
940,worsened symptoms
960,worsened symptoms
964,worsened symptoms
965,worsened symptoms
966,worsened symptoms
970,worsened symptoms
973,worsened symptoms
975,worsened symptoms
979,worsened symptoms
983,worsened symptoms
992,worsened symptoms
993,worsened symptoms
994,worsened symptoms
1015,worsened symptoms
1025,worsened symptoms
1026,worsened symptoms
1033,worsened symptoms
1034,worsened symptoms
1035,worsened symptoms
1037,worsened symptoms
1041,worsened symptoms
1042,worsened symptoms
1046,worsened symptoms
1049,worsened symptoms
1050,worsened symptoms
1051,worsened symptoms
1053,worsened symptoms
1055,worsened symptoms
1058,worsened symptoms
1063,worsened symptoms
1080,worsened symptoms
1085,worsened symptoms
1091,worsened symptoms
1092,worsened symptoms
1093,worsened symptoms
1094,worsened symptoms
1097,worsened symptoms
1100,worsened symptoms
1103,worsened symptoms
1111,worsened symptoms
1112,worsened symptoms
1113,worsened symptoms
1116,worsened symptoms
1122,worsened symptoms
1123,worsened symptoms
1129,worsened symptoms
1130,worsened symptoms
1131,worsened symptoms
1135,worsened symptoms
1138,worsened symptoms
1139,worsened symptoms
1147,worsened symptoms
1156,worsened symptoms
1159,worsened symptoms
1166,worsened symptoms
1179,worsened symptoms
1181,worsened symptoms
1186,worsened symptoms
1190,worsened symptoms
1191,worsened symptoms
1192,worsened symptoms
1193,worsened symptoms
1200,worsened symptoms
1207,worsened symptoms
1210,worsened symptoms
214,expensive
415,expensive
824,expensive
924,expensive
940,expensive
